{"upper": {"11": [-4.43833185868886, 0.015704446136370506, 28.25120664525915], "12": [-11.269721452395121, 0.13947944461353243, 24.81055287557935], "13": [-17.326660469060055, 0.5846750075402467, 19.40099686186027], "14": [-19.726402588780562, 1.0186515457242313, 11.505839850833407], "15": [-22.176151432421822, 1.790155903559399, 5.188905272166843], "16": [-23.005104587034392, 2.2431598649733906, -2.9228536310603808], "17": [-25.37860141903542, 2.7268183905565992, -13.115784506980187], "18": [-27.76592320568855, 5.2542284356239275, -22.47475814241001], "21": [4.1895967327620145, 0.08798619983312876, 27.70511071060015], "22": [11.111375824879792, 0.1470766301882469, 24.107515954163116], "23": [17.094316190993794, 0.35234248106837346, 18.874347789738064], "24": [18.72540318665118, 0.7628636409245323, 11.317371019804146], "25": [21.722661552246677, 1.4086150894895124, 5.255093890269651], "26": [23.322287320621925, 2.296542440009689, -2.8639133363739506], "27": [25.725755595700175, 2.9322416971523118, -13.084342379270545], "28": [27.30323396230209, 4.667554391338212, -22.564581326676134]}, "lower": {"31": [1.704194222505276, -2.7869269923621593, 25.173252236484284], "32": [6.6228776010409875, -2.645911589763952, 23.39432754851224], "33": [11.944262903816295, -3.20841502890272, 19.72844889366402], "34": [16.10869732576675, -2.6609318278536036, 14.172881508700762], "35": [18.730141901837374, -1.8241938005780791, 7.799041673973654], "36": [21.698984897447087, -1.1993131147649068, -0.6085767454869474], "37": [24.907190451988807, -0.2239472325031574, -10.65236531679447], "38": [26.15817506396419, 1.33728150148494, -19.91090197678226], "41": [-3.316071199642175, -3.0415629282062446, 25.055335195440996], "42": [-8.444323334650429, -3.759149161153289, 23.88048773043786], "43": [-13.497682497334013, -4.3907561924981575, 20.07040619712979], "44": [-16.687781941890716, -2.8207754759625954, 14.001637037233873], "45": [-19.408623282152195, -1.774666022522531, 7.6431491390451205], "46": [-21.30491588071612, -1.2295005536489274, -1.058217941458025], "47": [-23.662762746246585, -0.5834521320638579, -11.309173692384137], "48": [-25.154220337379847, 1.184549619310518, -20.75431609167225]}}